
-- INSERTS TABLA ESTUDIANTE
insert into Estudiante ( Codigo_Seguridad, Nombre, Codigo_Estudiante, Primer_Apellido, Segundo_Apellido) values ('sR3tGvY7', 'Emma', 'EmWr1', 'Wright', 'Smith');
insert into Estudiante ( Codigo_Seguridad, Nombre, Codigo_Estudiante, Primer_Apellido, Segundo_Apellido) values ('uP2iJkO9', 'Liam', 'LiSc2', 'Scott', 'Johnson');
insert into Estudiante ( Codigo_Seguridad, Nombre, Codigo_Estudiante, Primer_Apellido, Segundo_Apellido) values ('hL8mNpX6', 'Olivia', 'OlHi3', 'Hill', 'Williams');
insert into Estudiante ( Codigo_Seguridad, Nombre, Codigo_Estudiante, Primer_Apellido, Segundo_Apellido) values ('aW1oFzQ4', 'Noah', 'NoCo4', 'Cooper', 'Jones');
insert into Estudiante ( Codigo_Seguridad, Nombre, Codigo_Estudiante, Primer_Apellido, Segundo_Apellido) values ('dI5gHuT2', 'Ava', 'AvKi5', 'King', 'Brown');
insert into Estudiante ( Codigo_Seguridad, Nombre, Codigo_Estudiante, Primer_Apellido, Segundo_Apellido) values ( 'rE6sVxY3', 'Isabella', 'IsGr6', 'Green', 'Davis');
insert into Estudiante ( Codigo_Seguridad, Nombre, Codigo_Estudiante, Primer_Apellido, Segundo_Apellido) values ( 'nO9cMwZ8', 'Sophia', 'SoEv7', 'Evans', 'Miller');
insert into Estudiante ( Codigo_Seguridad, Nombre, Codigo_Estudiante, Primer_Apellido, Segundo_Apellido) values ( 'bA4jLpQ7', 'Jackson', 'JaBa8', 'Baker', 'Wilson');
insert into Estudiante ( Codigo_Seguridad, Nombre, Codigo_Estudiante, Primer_Apellido, Segundo_Apellido) values ( 'cE2rTkU9', 'Aiden', 'AiAd9', 'Adams', 'Moore');
insert into Estudiante ( Codigo_Seguridad, Nombre, Codigo_Estudiante, Primer_Apellido, Segundo_Apellido) values ( 'gI7dFvX3', 'Lucas', 'LuNe10', 'Nelson', 'Taylor');
insert into Estudiante ( Codigo_Seguridad, Nombre, Codigo_Estudiante, Primer_Apellido, Segundo_Apellido) values ( 'tO8nRmZ5', 'Mia', 'MiHa11', 'Hall', 'Anderson');
insert into Estudiante ( Codigo_Seguridad, Nombre, Codigo_Estudiante, Primer_Apellido, Segundo_Apellido) values ( 'pU1kYsH6', 'Ella', 'ElRi12', 'Rivera', 'Thomas');
insert into Estudiante ( Codigo_Seguridad, Nombre, Codigo_Estudiante, Primer_Apellido, Segundo_Apellido) values ( 'kA3jXuP8', 'Grayson', 'GrCa13', 'Campbell', 'Jackson');
insert into Estudiante ( Codigo_Seguridad, Nombre, Codigo_Estudiante, Primer_Apellido, Segundo_Apellido) values ( 'mI5tQwE2', 'Aria', 'ArMi14', 'Mitchell', 'White');
insert into Estudiante ( Codigo_Seguridad, Nombre, Codigo_Estudiante, Primer_Apellido, Segundo_Apellido) values ( 'lO4sVzG7', 'Caden', 'CaCa15', 'Carter', 'Harris');
insert into Estudiante ( Codigo_Seguridad, Nombre, Codigo_Estudiante, Primer_Apellido, Segundo_Apellido) values ( 'eU6rWxI3', 'Oliver', 'OlRo16', 'Roberts', 'Martin');
insert into Estudiante ( Codigo_Seguridad, Nombre, Codigo_Estudiante, Primer_Apellido, Segundo_Apellido) values ( 'hA9jKpQ4', 'Elijah', 'ElGo17', 'Gomez', 'Thompson');
insert into Estudiante ( Codigo_Seguridad, Nombre, Codigo_Estudiante, Primer_Apellido, Segundo_Apellido) values ( 'cO2gVzR5', 'Amelia', 'HaPh18', 'Phillips', 'Garcia');
insert into Estudiante ( Codigo_Seguridad, Nombre, Codigo_Estudiante, Primer_Apellido, Segundo_Apellido) values ( 'mY7sHuT1', 'Harper', 'MiDi19', 'Diaz', 'Martinez');
insert into Estudiante ( Codigo_Seguridad, Nombre, Codigo_Estudiante, Primer_Apellido, Segundo_Apellido) values ( 'wI4oNpX8', 'Mila', 'LiTu20', 'Hayes', 'Robinson');
insert into Estudiante ( Codigo_Seguridad, Nombre, Codigo_Estudiante, Primer_Apellido, Segundo_Apellido) values ( 'zE1iFvY9', 'Liam', 'JaPa21', 'Turner', 'Clark');
insert into Estudiante ( Codigo_Seguridad, Nombre, Codigo_Estudiante, Primer_Apellido, Segundo_Apellido) values ( 'qU5pKmO3', 'James', 'ChCr22', 'Parker', 'Rodriguez');
insert into Estudiante ( Codigo_Seguridad, Nombre, Codigo_Estudiante, Primer_Apellido, Segundo_Apellido) values ( 'xO8nRbA2', 'Charlotte', 'AiEd23', 'Cruz', 'Lewis');
insert into Estudiante ( Codigo_Seguridad, Nombre, Codigo_Estudiante, Primer_Apellido, Segundo_Apellido) values ( 'fI6hZwY7', 'Aiden', 'AbCo24', 'Edwards', 'Lee');
insert into Estudiante ( Codigo_Seguridad, Nombre, Codigo_Estudiante, Primer_Apellido, Segundo_Apellido) values ( 'jA3lUkP9', 'Abigail', 'EtHa25', 'Collins', 'Walker');
insert into Estudiante ( Codigo_Seguridad, Nombre, Codigo_Estudiante, Primer_Apellido, Segundo_Apellido) values ( 'lE2oQvX4', 'Ethan', 'EvTu26', 'Stewart', 'Hall');
insert into Estudiante ( Codigo_Seguridad, Nombre, Codigo_Estudiante, Primer_Apellido, Segundo_Apellido) values ( 'pU9tNwG5', 'Evelyn', 'AlPa27', 'Morris', 'Allen');
insert into Estudiante ( Codigo_Seguridad, Nombre, Codigo_Estudiante, Primer_Apellido, Segundo_Apellido) values ( 'sT4vXzR7', 'Alexander', 'LuGr28', 'Murphy', 'Young');
insert into Estudiante ( Codigo_Seguridad, Nombre, Codigo_Estudiante, Primer_Apellido, Segundo_Apellido) values ( 'rO7gYhU2', 'Lucas', 'GrAv29', 'Rogers', 'Hernandez');
insert into Estudiante ( Codigo_Seguridad, Nombre, Codigo_Estudiante, Primer_Apellido, Segundo_Apellido) values ( 'dA1fIvE8', 'Grace', 'ArWr30', 'Reed', 'King');

-- INSERTS TABLA TIPO (TIPO DE CURSO)  -> YA

insert into Tipo(Cantidad_Seccion,Nombre) values (1,'Administrativo');
insert into Tipo(Cantidad_Seccion,Nombre) values (2,'Técnico');

-- INSERTS TABLA CURSO -> YA

insert into Curso(Nombre,Tipo) values ('Introducción a la Programación',2);
---curso 2
insert into Curso(Nombre,Tipo) values ('Estrategias de Razonamiento',1);
---curso 3
insert into Curso(Nombre,Tipo) values ('Matemática Discreta I',1);
---curso 4
insert into Curso(Nombre,Tipo) values ('Programación Avanzada',2);
---curso 5
insert into Curso(Nombre,Tipo) values ('Matemática Discreta II',1);
---curso 6
insert into Curso(Nombre,Tipo) values ('Organización Computacional',2);
---curso 7
insert into Curso(Nombre,Tipo) values ('Teoría de Sistemas',1);
---curso 8
insert into Curso(Nombre,Tipo) values ('Bases de Datos I',2);
---curso 9
insert into Curso(Nombre,Tipo) values ('Base de Datos II',2);
---curso 10
insert into Curso(Nombre,Tipo) values ('Redes',2);

-- INSERTS TABLA HISTORIAL_CURSOS

insert into Historial_Cursos(	Estudiante 	,	Curso	,	Nota	)values (	1	,	1	,	79	)	;
insert into Historial_Cursos(	Estudiante 	,	Curso	,	Nota	)values (	1	,	2	,	72	)	;
insert into Historial_Cursos(	Estudiante 	,	Curso	,	Nota	)values (	2	,	1	,	67	)	;
insert into Historial_Cursos(	Estudiante 	,	Curso	,	Nota	)values (	2	,	2	,	97	)	;
insert into Historial_Cursos(	Estudiante 	,	Curso	,	Nota	)values (	2	,	3	,	79	)	;
insert into Historial_Cursos(	Estudiante 	,	Curso	,	Nota	)values (	2	,	4	,	84	)	;
insert into Historial_Cursos(	Estudiante 	,	Curso	,	Nota	)values (	3	,	1	,	98	)	;
insert into Historial_Cursos(	Estudiante 	,	Curso	,	Nota	)values (	3	,	2	,	75	)	;
insert into Historial_Cursos(	Estudiante 	,	Curso	,	Nota	)values (	4	,	1	,	83	)	;
insert into Historial_Cursos(	Estudiante 	,	Curso	,	Nota	)values (	4	,	2	,	74	)	;
insert into Historial_Cursos(	Estudiante 	,	Curso	,	Nota	)values (	4	,	3	,	78	)	;
insert into Historial_Cursos(	Estudiante 	,	Curso	,	Nota	)values (	5	,	1	,	83	)	;
insert into Historial_Cursos(	Estudiante 	,	Curso	,	Nota	)values (	5	,	2	,	87	)	;
insert into Historial_Cursos(	Estudiante 	,	Curso	,	Nota	)values (	5	,	3	,	68	)	;
insert into Historial_Cursos(	Estudiante 	,	Curso	,	Nota	)values (	5	,	4	,	74	)	;
insert into Historial_Cursos(	Estudiante 	,	Curso	,	Nota	)values (	5	,	5	,	91	)	;
insert into Historial_Cursos(	Estudiante 	,	Curso	,	Nota	)values (	6	,	1	,	95	)	;
insert into Historial_Cursos(	Estudiante 	,	Curso	,	Nota	)values (	6	,	2	,	86	)	;
insert into Historial_Cursos(	Estudiante 	,	Curso	,	Nota	)values (	6	,	3	,	77	)	;
insert into Historial_Cursos(	Estudiante 	,	Curso	,	Nota	)values (	6	,	4	,	63	)	;
insert into Historial_Cursos(	Estudiante 	,	Curso	,	Nota	)values (	6	,	5	,	82	)	;
insert into Historial_Cursos(	Estudiante 	,	Curso	,	Nota	)values (	7	,	1	,	99	)	;
insert into Historial_Cursos(	Estudiante 	,	Curso	,	Nota	)values (	7	,	2	,	74	)	;
insert into Historial_Cursos(	Estudiante 	,	Curso	,	Nota	)values (	7	,	3	,	66	)	;
insert into Historial_Cursos(	Estudiante 	,	Curso	,	Nota	)values (	7	,	4	,	79	)	;
insert into Historial_Cursos(	Estudiante 	,	Curso	,	Nota	)values (	8	,	1	,	54	)	;
insert into Historial_Cursos(	Estudiante 	,	Curso	,	Nota	)values (	8	,	2	,	75	)	;
insert into Historial_Cursos(	Estudiante 	,	Curso	,	Nota	)values (	9	,	1	,	94	)	;
insert into Historial_Cursos(	Estudiante 	,	Curso	,	Nota	)values (	10	,	1	,	89	)	;
insert into Historial_Cursos(	Estudiante 	,	Curso	,	Nota	)values (	10	,	2	,	86	)	;
insert into Historial_Cursos(	Estudiante 	,	Curso	,	Nota	)values (	10	,	3	,	68	)	;
insert into Historial_Cursos(	Estudiante 	,	Curso	,	Nota	)values (	10	,	4	,	86	)	;
insert into Historial_Cursos(	Estudiante 	,	Curso	,	Nota	)values (	10	,	5	,	73	)	;
insert into Historial_Cursos(	Estudiante 	,	Curso	,	Nota	)values (	10	,	6	,	92	)	;
insert into Historial_Cursos(	Estudiante 	,	Curso	,	Nota	)values (	11	,	1	,	87	)	;
insert into Historial_Cursos(	Estudiante 	,	Curso	,	Nota	)values (	11	,	2	,	76	)	;
insert into Historial_Cursos(	Estudiante 	,	Curso	,	Nota	)values (	11	,	3	,	82	)	;
insert into Historial_Cursos(	Estudiante 	,	Curso	,	Nota	)values (	11	,	4	,	88	)	;
insert into Historial_Cursos(	Estudiante 	,	Curso	,	Nota	)values (	11	,	5	,	98	)	;
insert into Historial_Cursos(	Estudiante 	,	Curso	,	Nota	)values (	11	,	6	,	83	)	;
insert into Historial_Cursos(	Estudiante 	,	Curso	,	Nota	)values (	11	,	7	,	92	)	;
insert into Historial_Cursos(	Estudiante 	,	Curso	,	Nota	)values (	11	,	8	,	94	)	;
insert into Historial_Cursos(	Estudiante 	,	Curso	,	Nota	)values (	12	,	1	,	88	)	;
insert into Historial_Cursos(	Estudiante 	,	Curso	,	Nota	)values (	12	,	2	,	70	)	;
insert into Historial_Cursos(	Estudiante 	,	Curso	,	Nota	)values (	12	,	3	,	78	)	;
insert into Historial_Cursos(	Estudiante 	,	Curso	,	Nota	)values (	13	,	1	,	91	)	;
insert into Historial_Cursos(	Estudiante 	,	Curso	,	Nota	)values (	13	,	2	,	76	)	;
insert into Historial_Cursos(	Estudiante 	,	Curso	,	Nota	)values (	13	,	3	,	79	)	;
insert into Historial_Cursos(	Estudiante 	,	Curso	,	Nota	)values (	14	,	1	,	81	)	;
insert into Historial_Cursos(	Estudiante 	,	Curso	,	Nota	)values (	14	,	2	,	69	)	;
insert into Historial_Cursos(	Estudiante 	,	Curso	,	Nota	)values (	14	,	3	,	99	)	;
insert into Historial_Cursos(	Estudiante 	,	Curso	,	Nota	)values (	14	,	4	,	93	)	;
insert into Historial_Cursos(	Estudiante 	,	Curso	,	Nota	)values (	14	,	5	,	69	)	;
insert into Historial_Cursos(	Estudiante 	,	Curso	,	Nota	)values (	15	,	1	,	77	)	;
insert into Historial_Cursos(	Estudiante 	,	Curso	,	Nota	)values (	15	,	2	,	96	)	;
insert into Historial_Cursos(	Estudiante 	,	Curso	,	Nota	)values (	15	,	3	,	93	)	;
insert into Historial_Cursos(	Estudiante 	,	Curso	,	Nota	)values (	16	,	1	,	94	)	;
insert into Historial_Cursos(	Estudiante 	,	Curso	,	Nota	)values (	16	,	2	,	79	)	;
insert into Historial_Cursos(	Estudiante 	,	Curso	,	Nota	)values (	16	,	3	,	72	)	;
insert into Historial_Cursos(	Estudiante 	,	Curso	,	Nota	)values (	17	,	1	,	96	)	;
insert into Historial_Cursos(	Estudiante 	,	Curso	,	Nota	)values (	17	,	2	,	100	)	;
insert into Historial_Cursos(	Estudiante 	,	Curso	,	Nota	)values (	18	,	1	,	84	)	;
insert into Historial_Cursos(	Estudiante 	,	Curso	,	Nota	)values (	19	,	1	,	89	)	;
insert into Historial_Cursos(	Estudiante 	,	Curso	,	Nota	)values (	19	,	2	,	78	)	;
insert into Historial_Cursos(	Estudiante 	,	Curso	,	Nota	)values (	19	,	3	,	98	)	;
insert into Historial_Cursos(	Estudiante 	,	Curso	,	Nota	)values (	19	,	4	,	76	)	;
insert into Historial_Cursos(	Estudiante 	,	Curso	,	Nota	)values (	19	,	5	,	98	)	;
insert into Historial_Cursos(	Estudiante 	,	Curso	,	Nota	)values (	20	,	1	,	84	)	;
insert into Historial_Cursos(	Estudiante 	,	Curso	,	Nota	)values (	20	,	2	,	99	)	;
insert into Historial_Cursos(	Estudiante 	,	Curso	,	Nota	)values (	20	,	3	,	85	)	;
insert into Historial_Cursos(	Estudiante 	,	Curso	,	Nota	)values (	20	,	4	,	82	)	;
insert into Historial_Cursos(	Estudiante 	,	Curso	,	Nota	)values (	21	,	1	,	87	)	;
insert into Historial_Cursos(	Estudiante 	,	Curso	,	Nota	)values (	21	,	2	,	79	)	;
insert into Historial_Cursos(	Estudiante 	,	Curso	,	Nota	)values (	22	,	1	,	96	)	;
insert into Historial_Cursos(	Estudiante 	,	Curso	,	Nota	)values (	22	,	2	,	73	)	;
insert into Historial_Cursos(	Estudiante 	,	Curso	,	Nota	)values (	22	,	3	,	89	)	;
insert into Historial_Cursos(	Estudiante 	,	Curso	,	Nota	)values (	22	,	4	,	94	)	;
insert into Historial_Cursos(	Estudiante 	,	Curso	,	Nota	)values (	23	,	1	,	57	)	;
insert into Historial_Cursos(	Estudiante 	,	Curso	,	Nota	)values (	23	,	2	,	77	)	;
insert into Historial_Cursos(	Estudiante 	,	Curso	,	Nota	)values (	24	,	1	,	76	)	;
insert into Historial_Cursos(	Estudiante 	,	Curso	,	Nota	)values (	24	,	2	,	99	)	;
insert into Historial_Cursos(	Estudiante 	,	Curso	,	Nota	)values (	24	,	3	,	66	)	;
insert into Historial_Cursos(	Estudiante 	,	Curso	,	Nota	)values (	24	,	4	,	87	)	;
insert into Historial_Cursos(	Estudiante 	,	Curso	,	Nota	)values (	24	,	5	,	68	)	;
insert into Historial_Cursos(	Estudiante 	,	Curso	,	Nota	)values (	25	,	1	,	64	)	;
insert into Historial_Cursos(	Estudiante 	,	Curso	,	Nota	)values (	25	,	2	,	71	)	;
insert into Historial_Cursos(	Estudiante 	,	Curso	,	Nota	)values (	25	,	3	,	75	)	;
insert into Historial_Cursos(	Estudiante 	,	Curso	,	Nota	)values (	25	,	4	,	93	)	;
insert into Historial_Cursos(	Estudiante 	,	Curso	,	Nota	)values (	26	,	1	,	68	)	;
insert into Historial_Cursos(	Estudiante 	,	Curso	,	Nota	)values (	27	,	1	,	83	)	;
insert into Historial_Cursos(	Estudiante 	,	Curso	,	Nota	)values (	27	,	2	,	79	)	;
insert into Historial_Cursos(	Estudiante 	,	Curso	,	Nota	)values (	27	,	3	,	46	)	;
insert into Historial_Cursos(	Estudiante 	,	Curso	,	Nota	)values (	27	,	4	,	86	)	;
insert into Historial_Cursos(	Estudiante 	,	Curso	,	Nota	)values (	28	,	1	,	61	)	;
insert into Historial_Cursos(	Estudiante 	,	Curso	,	Nota	)values (	28	,	2	,	66	)	;
insert into Historial_Cursos(	Estudiante 	,	Curso	,	Nota	)values (	28	,	3	,	75	)	;
insert into Historial_Cursos(	Estudiante 	,	Curso	,	Nota	)values (	28	,	4	,	65	)	;
insert into Historial_Cursos(	Estudiante 	,	Curso	,	Nota	)values (	28	,	5	,	88	)	;
insert into Historial_Cursos(	Estudiante 	,	Curso	,	Nota	)values (	29	,	1	,	98	)	;
insert into Historial_Cursos(	Estudiante 	,	Curso	,	Nota	)values (	29	,	2	,	64	)	;
insert into Historial_Cursos(	Estudiante 	,	Curso	,	Nota	)values (	30	,	1	,	62	)	;
insert into Historial_Cursos(	Estudiante 	,	Curso	,	Nota	)values (	30	,	2	,	95	)	;
insert into Historial_Cursos(	Estudiante 	,	Curso	,	Nota	)values (	30	,	3	,	93	)	;
insert into Historial_Cursos(	Estudiante 	,	Curso	,	Nota	)values (	30	,	4	,	67	)	;
insert into Historial_Cursos(	Estudiante 	,	Curso	,	Nota	)values (	30	,	5	,	93	)	;
insert into Historial_Cursos(	Estudiante 	,	Curso	,	Nota	)values (	30	,	6	,	92	)	;
insert into Historial_Cursos(	Estudiante 	,	Curso	,	Nota	)values (	30	,	7	,	63	)	;



-- INSERTS TABLA SECCION

insert into Seccion(	ID_Curso	,	Cupo,	Numero_Seccion 	)values (	1	,	2,	1 )	;
insert into Seccion(	ID_Curso	,	Cupo,	Numero_Seccion 	)values (	1	,	7,	2 )	;
insert into Seccion(	ID_Curso	,	Cupo,	Numero_Seccion	)values (	2	,	7,	1 )	;
insert into Seccion(	ID_Curso	,	Cupo,	Numero_Seccion	)values (	3	,	7,	1 )	;
insert into Seccion(	ID_Curso	,	Cupo,	Numero_Seccion	)values (	4	,	2,	1 )	;
insert into Seccion(	ID_Curso	,	Cupo,	Numero_Seccion	)values (	4	,	7,	2 )	;
insert into Seccion(	ID_Curso	,	Cupo,	Numero_Seccion	)values (	5	,	7,	1 )	;
insert into Seccion(	ID_Curso	,	Cupo,	Numero_Seccion	)values (	6	,	2,	1 )	;
insert into Seccion(	ID_Curso	,	Cupo,	Numero_Seccion	)values (	6	,	7,	2 )	;
insert into Seccion(	ID_Curso	,	Cupo,	Numero_Seccion	)values (	7	,	1,	1 )	;
insert into Seccion(	ID_Curso	,	Cupo,	Numero_Seccion	)values (	8	,	2,	1 )	;
insert into Seccion(	ID_Curso	,	Cupo,	Numero_Seccion	)values (	8	,	7,	2 )	;
insert into Seccion(	ID_Curso	,	Cupo,	Numero_Seccion	)values (	9	,	2,	1 )	;
insert into Seccion(	ID_Curso	,	Cupo,	Numero_Seccion	)values (	9	,	7,	2 )	;
insert into Seccion(	ID_Curso	,	Cupo,	Numero_Seccion	)values (	10	,	2,	1 )	;
insert into Seccion(	ID_Curso	,	Cupo,	Numero_Seccion	)values (	10	,	7,	2 )	;



-- INSERTS TABLA ESTADO_ASIGNACION

insert into Estado_Asignacion(Descripcion	,	Nombre	)values ('No ha cumplido con los prerrequisitos'	,	'Rechazado'	);
insert into Estado_Asignacion(Descripcion	,	Nombre	)values ('Asignación exitosa'	,	'Aprobado'	);
insert into Estado_Asignacion(Descripcion	,	Nombre	)values ('Cupos llenos. Espere actualizaciones en los cupos'	,	'Lista de Espera'	);
insert into Estado_Asignacion(Descripcion	,	Nombre	)values ('Se ha cambiado de sección debido a promedio.'	,	'Cambio de sección'	);
insert into Estado_Asignacion(Descripcion	,	Nombre	)values ('Datos de estudiante no concordantes'	,	'Rechazado'	);


-- INSERTS TABLA PRERREQUISITO -> YA

insert into Prerrequisito(Curso, Prerrequisito, Estado) values (3,1,1);
insert into Prerrequisito(Curso, Prerrequisito, Estado) values (3,2,1);
---curso 4
insert into Prerrequisito(Curso, Prerrequisito, Estado) values (4,2,1);
---curso 5
insert into Prerrequisito(Curso, Prerrequisito, Estado) values (5,3,1);
---curso 6
insert into Prerrequisito(Curso, Prerrequisito, Estado) values (6,3,1);
insert into Prerrequisito(Curso, Prerrequisito, Estado) values (6,4,1);
---curso 8
insert into Prerrequisito(Curso, Prerrequisito, Estado) values (8,5,1);
insert into Prerrequisito(Curso, Prerrequisito, Estado) values (8,6,1);
---curso 9
insert into Prerrequisito(Curso, Prerrequisito, Estado) values (9,7,1);
insert into Prerrequisito(Curso, Prerrequisito, Estado) values (9,8,1);
---curso 10
insert into Prerrequisito(Curso, Prerrequisito, Estado) values (10,9,1);




